Test Number:,315dmKlong427_38
Test Date:,4/25/2017
Post Test Comment:,
Data Description:,Fy Load2
Optional Title:,
Calculation:,Raw
Filter:,none

SEC,N
0.0000,218.5347
0.0040,246.6793
0.0080,243.3682
0.0120,226.8125
0.0160,226.8125
0.0200,225.1570
0.0240,240.0571
0.0280,248.3349
0.0320,183.7678
0.0360,200.3235
0.0400,284.7574
0.0440,216.8791
0.0480,167.2122
0.0520,233.4348
0.0560,218.5347
0.0600,193.7012
0.0640,238.4015
0.0680,218.5347
0.0720,198.6679
0.0760,243.3682
0.0800,178.8011
0.0840,177.1456
0.0880,241.7126
0.0920,216.8791
0.0960,178.8011
0.1000,201.9790
0.1040,208.6013
0.1080,195.3568
0.1120,213.5680
0.1160,175.4900
0.1200,198.6679
0.1240,235.0903
0.1280,187.0789
0.1320,178.8011
0.1360,206.9457
0.1400,215.2236
0.1440,203.6346
0.1480,185.4234
0.1520,190.3901
0.1560,203.6346
0.1600,185.4234
0.1640,180.4567
0.1680,201.9790
0.1720,203.6346
0.1760,201.9790
0.1800,188.7345
0.1840,190.3901
0.1880,208.6013
0.1920,206.9457
0.1960,185.4234
0.2000,180.4567
0.2040,183.7678
0.2080,205.2902
0.2120,180.4567
0.2160,183.7678
0.2200,203.6346
0.2240,205.2902
0.2280,183.7678
0.2320,172.1789
0.2360,201.9790
0.2400,203.6346
0.2440,185.4234
0.2480,175.4900
0.2520,195.3568
0.2560,208.6013
0.2600,188.7345
0.2640,178.8011
0.2680,195.3568
0.2720,198.6679
0.2760,198.6679
0.2800,188.7345
0.2840,187.0789
0.2880,205.2902
0.2920,187.0789
0.2960,180.4567
0.3000,167.2122
0.3040,172.1789
0.3080,198.6679
0.3120,183.7678
0.3160,183.7678
0.3200,197.0123
0.3240,175.4900
0.3280,183.7678
0.3320,172.1789
0.3360,185.4234
0.3400,197.0123
0.3440,201.9790
0.3480,170.5233
0.3520,170.5233
0.3560,197.0123
0.3600,170.5233
0.3640,162.2455
0.3680,170.5233
0.3720,208.6013
0.3760,177.1456
0.3800,168.8677
0.3840,172.1789
0.3880,192.0457
0.3920,175.4900
0.3960,162.2455
0.4000,168.8677
0.4040,180.4567
0.4080,193.7012
0.4120,155.6232
0.4160,160.5899
0.4200,187.0789
0.4240,193.7012
0.4280,165.5566
0.4320,147.3454
0.4360,177.1456
0.4400,203.6346
0.4440,178.8011
0.4480,172.1789
0.4520,185.4234
0.4560,211.9124
0.4600,190.3901
0.4640,165.5566
0.4680,182.1123
0.4720,192.0457
0.4760,177.1456
0.4800,163.9010
0.4840,168.8677
0.4880,182.1123
0.4920,177.1456
0.4960,162.2455
0.5000,162.2455
0.5040,175.4900
0.5080,195.3568
0.5120,168.8677
0.5160,153.9676
0.5200,155.6232
0.5240,193.7012
0.5280,160.5899
0.5320,152.3121
0.5360,185.4234
0.5400,187.0789
0.5440,167.2122
0.5480,145.6898
0.5520,170.5233
0.5560,201.9790
0.5600,177.1456
0.5640,168.8677
0.5680,195.3568
0.5720,195.3568
0.5760,190.3901
0.5800,153.9676
0.5840,167.2122
0.5880,182.1123
0.5920,182.1123
0.5960,167.2122
0.6000,178.8011
0.6040,185.4234
0.6080,193.7012
0.6120,162.2455
0.6160,140.7231
0.6200,173.8344
0.6240,180.4567
0.6280,180.4567
0.6320,149.0009
0.6360,167.2122
0.6400,178.8011
0.6440,145.6898
0.6480,145.6898
0.6520,178.8011
0.6560,197.0123
0.6600,195.3568
0.6640,162.2455
0.6680,182.1123
0.6720,183.7678
0.6760,185.4234
0.6800,167.2122
0.6840,178.8011
0.6880,193.7012
0.6920,162.2455
0.6960,153.9676
0.7000,160.5899
0.7040,173.8344
0.7080,187.0789
0.7120,160.5899
0.7160,150.6565
0.7200,172.1789
0.7240,173.8344
0.7280,144.0342
0.7320,139.0675
0.7360,172.1789
0.7400,177.1456
0.7440,158.9343
0.7480,157.2788
0.7520,175.4900
0.7560,195.3568
0.7600,168.8677
0.7640,173.8344
0.7680,157.2788
0.7720,187.0789
0.7760,175.4900
0.7800,160.5899
0.7840,165.5566
0.7880,193.7012
0.7920,168.8677
0.7960,160.5899
0.8000,158.9343
0.8040,187.0789
0.8080,175.4900
0.8120,153.9676
0.8160,139.0675
0.8200,165.5566
0.8240,172.1789
0.8280,165.5566
0.8320,147.3454
0.8360,165.5566
0.8400,170.5233
0.8440,157.2788
0.8480,142.3787
0.8520,163.9010
0.8560,182.1123
0.8600,170.5233
0.8640,149.0009
0.8680,160.5899
0.8720,180.4567
0.8760,168.8677
0.8800,149.0009
0.8840,163.9010
0.8880,168.8677
0.8920,162.2455
0.8960,147.3454
0.9000,149.0009
0.9040,168.8677
0.9080,178.8011
0.9120,153.9676
0.9160,132.4453
0.9200,158.9343
0.9240,185.4234
0.9280,158.9343
0.9320,119.2007
0.9360,140.7231
0.9400,158.9343
0.9440,145.6898
0.9480,124.1674
0.9520,142.3787
0.9560,150.6565
0.9600,157.2788
0.9640,142.3787
0.9680,155.6232
0.9720,182.1123
0.9760,162.2455
0.9800,147.3454
0.9840,155.6232
0.9880,168.8677
0.9920,168.8677
0.9960,155.6232
1.0000,149.0009
1.0040,167.2122
1.0080,175.4900
1.0120,140.7231
1.0160,145.6898
1.0200,158.9343
1.0240,160.5899
1.0280,152.3121
1.0320,139.0675
1.0360,152.3121
1.0400,172.1789
1.0440,137.4120
1.0480,125.8230
1.0520,142.3787
1.0560,168.8677
1.0600,137.4120
1.0640,130.7897
1.0680,162.2455
1.0720,168.8677
1.0760,144.0342
1.0800,137.4120
1.0840,142.3787
1.0880,162.2455
1.0920,160.5899
1.0960,145.6898
1.1000,135.7564
1.1040,167.2122
1.1080,160.5899
1.1120,140.7231
1.1160,120.8563
1.1200,150.6565
1.1240,165.5566
1.1280,139.0675
1.1320,132.4453
1.1360,145.6898
1.1400,172.1789
1.1440,150.6565
1.1480,125.8230
1.1520,144.0342
1.1560,152.3121
1.1600,139.0675
1.1640,119.2007
1.1680,137.4120
1.1720,145.6898
1.1760,137.4120
1.1800,115.8896
1.1840,142.3787
1.1880,155.6232
1.1920,162.2455
1.1960,142.3787
1.2000,147.3454
1.2040,155.6232
1.2080,155.6232
1.2120,142.3787
1.2160,127.4786
1.2200,134.1008
1.2240,153.9676
1.2280,134.1008
1.2320,125.8230
1.2360,139.0675
1.2400,163.9010
1.2440,144.0342
1.2480,117.5452
1.2520,137.4120
1.2560,157.2788
1.2600,119.2007
1.2640,117.5452
1.2680,117.5452
1.2720,162.2455
1.2760,112.5785
1.2800,109.2673
1.2840,129.1341
1.2880,137.4120
1.2920,122.5119
1.2960,147.3454
1.3000,135.7564
1.3040,140.7231
1.3080,165.5566
1.3120,122.5119
1.3160,127.4786
1.3200,139.0675
1.3240,140.7231
1.3280,132.4453
1.3320,119.2007
1.3360,132.4453
1.3400,145.6898
1.3440,132.4453
1.3480,115.8896
1.3520,150.6565
1.3560,145.6898
1.3600,132.4453
1.3640,117.5452
1.3680,119.2007
1.3720,125.8230
1.3760,124.1674
1.3800,104.3007
1.3840,114.2340
1.3880,137.4120
1.3920,124.1674
1.3960,127.4786
1.4000,122.5119
1.4040,134.1008
1.4080,149.0009
1.4120,129.1341
1.4160,122.5119
1.4200,145.6898
1.4240,153.9676
1.4280,129.1341
1.4320,125.8230
1.4360,132.4453
1.4400,145.6898
1.4440,127.4786
1.4480,94.3673
1.4520,125.8230
1.4560,145.6898
1.4600,139.0675
1.4640,112.5785
1.4680,124.1674
1.4720,132.4453
1.4760,125.8230
1.4800,117.5452
1.4840,117.5452
1.4880,142.3787
1.4920,129.1341
1.4960,97.6784
1.5000,102.6451
1.5040,127.4786
1.5080,147.3454
1.5120,127.4786
1.5160,127.4786
1.5200,127.4786
1.5240,147.3454
1.5280,140.7231
1.5320,112.5785
1.5360,114.2340
1.5400,147.3454
1.5440,132.4453
1.5480,114.2340
1.5520,125.8230
1.5560,139.0675
1.5600,119.2007
1.5640,119.2007
1.5680,119.2007
1.5720,142.3787
1.5760,119.2007
1.5800,109.2673
1.5840,117.5452
1.5880,135.7564
1.5920,130.7897
1.5960,97.6784
1.6000,104.3007
1.6040,129.1341
1.6080,122.5119
1.6120,109.2673
1.6160,107.6118
1.6200,134.1008
1.6240,132.4453
1.6280,132.4453
1.6320,114.2340
1.6360,134.1008
1.6400,147.3454
1.6440,124.1674
1.6480,115.8896
1.6520,119.2007
1.6560,132.4453
1.6600,112.5785
1.6640,105.9562
1.6680,110.9229
1.6720,144.0342
1.6760,117.5452
1.6800,110.9229
1.6840,110.9229
1.6880,129.1341
1.6920,124.1674
1.6960,109.2673
1.7000,91.0561
1.7040,129.1341
1.7080,119.2007
1.7120,102.6451
1.7160,99.3340
1.7200,129.1341
1.7240,129.1341
1.7280,102.6451
1.7320,97.6784
1.7360,125.8230
1.7400,145.6898
1.7440,132.4453
1.7480,112.5785
1.7520,114.2340
1.7560,139.0675
1.7600,107.6118
1.7640,99.3340
1.7680,112.5785
1.7720,125.8230
1.7760,107.6118
1.7800,97.6784
1.7840,110.9229
1.7880,117.5452
1.7920,124.1674
1.7960,97.6784
1.8000,114.2340
1.8040,117.5452
1.8080,117.5452
1.8120,104.3007
1.8160,87.7450
1.8200,102.6451
1.8240,115.8896
1.8280,102.6451
1.8320,74.5005
1.8360,107.6118
1.8400,102.6451
1.8440,100.9895
1.8480,105.9562
1.8520,102.6451
1.8560,117.5452
1.8600,110.9229
1.8640,105.9562
1.8680,110.9229
1.8720,132.4453
1.8760,112.5785
1.8800,92.7117
1.8840,94.3673
1.8880,104.3007
1.8920,117.5452
1.8960,96.0228
1.9000,102.6451
1.9040,109.2673
1.9080,122.5119
1.9120,104.3007
1.9160,100.9895
1.9200,102.6451
1.9240,120.8563
1.9280,82.7783
1.9320,82.7783
1.9360,107.6118
1.9400,107.6118
1.9440,94.3673
1.9480,86.0894
1.9520,100.9895
1.9560,115.8896
1.9600,114.2340
1.9640,99.3340
1.9680,112.5785
1.9720,130.7897
1.9760,119.2007
1.9800,92.7117
1.9840,91.0561
1.9880,117.5452
1.9920,100.9895
1.9960,97.6784
2.0000,89.4006
2.0040,120.8563
2.0080,110.9229
2.0120,96.0228
2.0160,82.7783
2.0200,115.8896
2.0240,109.2673
2.0280,94.3673
2.0320,76.1560
2.0360,96.0228
2.0400,107.6118
2.0440,89.4006
2.0480,74.5005
2.0520,94.3673
2.0560,114.2340
2.0600,89.4006
2.0640,84.4339
2.0680,99.3340
2.0720,124.1674
2.0760,119.2007
2.0800,109.2673
2.0840,89.4006
2.0880,124.1674
2.0920,122.5119
2.0960,77.8116
2.1000,82.7783
2.1040,105.9562
2.1080,115.8896
2.1120,89.4006
2.1160,77.8116
2.1200,102.6451
2.1240,114.2340
2.1280,96.0228
2.1320,74.5005
2.1360,102.6451
2.1400,100.9895
2.1440,82.7783
2.1480,67.8782
2.1520,92.7117
2.1560,94.3673
2.1600,87.7450
2.1640,67.8782
2.1680,79.4672
2.1720,94.3673
2.1760,99.3340
2.1800,91.0561
2.1840,97.6784
2.1880,110.9229
2.1920,110.9229
2.1960,96.0228
2.2000,89.4006
2.2040,115.8896
2.2080,110.9229
2.2120,96.0228
2.2160,89.4006
2.2200,96.0228
2.2240,102.6451
2.2280,82.7783
2.2320,62.9115
2.2360,81.1227
2.2400,96.0228
2.2440,87.7450
2.2480,87.7450
2.2520,96.0228
2.2560,100.9895
2.2600,96.0228
2.2640,59.6004
2.2680,86.0894
2.2720,100.9895
2.2760,82.7783
2.2800,64.5671
2.2840,77.8116
2.2880,92.7117
2.2920,92.7117
2.2960,91.0561
2.3000,89.4006
2.3040,109.2673
2.3080,110.9229
2.3120,91.0561
2.3160,64.5671
2.3200,76.1560
2.3240,97.6784
2.3280,91.0561
2.3320,76.1560
2.3360,89.4006
2.3400,102.6451
2.3440,82.7783
2.3480,56.2892
2.3520,89.4006
2.3560,100.9895
2.3600,89.4006
2.3640,79.4672
2.3680,79.4672
2.3720,94.3673
2.3760,81.1227
2.3800,59.6004
2.3840,64.5671
2.3880,79.4672
2.3920,79.4672
2.3960,66.2226
2.4000,77.8116
2.4040,110.9229
2.4080,97.6784
2.4120,91.0561
2.4160,76.1560
2.4200,89.4006
2.4240,89.4006
2.4280,64.5671
2.4320,76.1560
2.4360,69.5338
2.4400,89.4006
2.4440,69.5338
2.4480,67.8782
2.4520,81.1227
2.4560,96.0228
2.4600,94.3673
2.4640,66.2226
2.4680,66.2226
2.4720,76.1560
2.4760,86.0894
2.4800,48.0114
2.4840,59.6004
2.4880,87.7450
2.4920,79.4672
2.4960,59.6004
2.5000,51.3225
2.5040,66.2226
2.5080,71.1893
2.5120,51.3225
2.5160,64.5671
2.5200,89.4006
2.5240,91.0561
2.5280,84.4339
2.5320,71.1893
2.5360,96.0228
2.5400,96.0228
2.5440,64.5671
2.5480,57.9448
2.5520,74.5005
2.5560,89.4006
2.5600,77.8116
2.5640,48.0114
2.5680,74.5005
2.5720,82.7783
2.5760,69.5338
2.5800,56.2892
2.5840,52.9781
2.5880,86.0894
2.5920,87.7450
2.5960,71.1893
2.6000,59.6004
2.6040,79.4672
2.6080,74.5005
2.6120,57.9448
2.6160,51.3225
2.6200,77.8116
2.6240,71.1893
2.6280,52.9781
2.6320,44.7003
2.6360,71.1893
2.6400,109.2673
2.6440,69.5338
2.6480,76.1560
2.6520,74.5005
2.6560,102.6451
2.6600,76.1560
2.6640,48.0114
2.6680,61.2559
2.6720,89.4006
2.6760,81.1227
2.6800,48.0114
2.6840,49.6670
2.6880,86.0894
2.6920,86.0894
2.6960,64.5671
2.7000,64.5671
2.7040,71.1893
2.7080,54.6337
2.7120,54.6337
2.7160,39.7336
2.7200,71.1893
2.7240,72.8449
2.7280,39.7336
2.7320,38.0780
2.7360,44.7003
2.7400,64.5671
2.7440,62.9115
2.7480,61.2559
2.7520,82.7783
2.7560,91.0561
2.7600,76.1560
2.7640,66.2226
2.7680,69.5338
2.7720,76.1560
2.7760,56.2892
2.7800,67.8782
2.7840,69.5338
2.7880,69.5338
2.7920,61.2559
2.7960,49.6670
2.8000,46.3558
2.8040,74.5005
2.8080,81.1227
2.8120,52.9781
2.8160,66.2226
2.8200,64.5671
2.8240,79.4672
2.8280,41.3891
2.8320,39.7336
2.8360,52.9781
2.8400,72.8449
2.8440,44.7003
2.8480,43.0447
2.8520,49.6670
2.8560,76.1560
2.8600,62.9115
2.8640,61.2559
2.8680,61.2559
2.8720,89.4006
2.8760,81.1227
2.8800,59.6004
2.8840,66.2226
2.8880,79.4672
2.8920,61.2559
2.8960,59.6004
2.9000,43.0447
2.9040,66.2226
2.9080,72.8449
2.9120,64.5671
2.9160,34.7669
2.9200,54.6337
2.9240,79.4672
2.9280,59.6004
2.9320,38.0780
2.9360,64.5671
2.9400,54.6337
2.9440,39.7336
2.9480,18.2112
2.9520,44.7003
2.9560,66.2226
2.9600,51.3225
2.9640,29.8002
2.9680,49.6670
2.9720,56.2892
2.9760,56.2892
2.9800,61.2559
2.9840,48.0114
2.9880,81.1227
2.9920,72.8449
2.9960,36.4224
3.0000,41.3891
3.0040,61.2559
3.0080,56.2892
3.0120,52.9781
3.0160,33.1113
3.0200,59.6004
3.0240,72.8449
3.0280,59.6004
3.0320,46.3558
3.0360,59.6004
3.0400,66.2226
3.0440,54.6337
3.0480,38.0780
3.0520,52.9781
3.0560,59.6004
3.0600,57.9448
3.0640,31.4558
3.0680,24.8335
3.0720,51.3225
3.0760,52.9781
3.0800,31.4558
3.0840,48.0114
3.0880,69.5338
3.0920,67.8782
3.0960,41.3891
3.1000,48.0114
3.1040,67.8782
3.1080,67.8782
3.1120,41.3891
3.1160,33.1113
3.1200,48.0114
3.1240,61.2559
3.1280,48.0114
3.1320,26.4891
3.1360,48.0114
3.1400,67.8782
3.1440,48.0114
3.1480,33.1113
3.1520,52.9781
3.1560,59.6004
3.1600,52.9781
3.1640,33.1113
3.1680,33.1113
3.1720,51.3225
3.1760,38.0780
3.1800,33.1113
3.1840,36.4224
3.1880,69.5338
3.1920,51.3225
3.1960,24.8335
3.2000,29.8002
3.2040,62.9115
3.2080,67.8782
3.2120,56.2892
3.2160,41.3891
3.2200,56.2892
3.2240,67.8782
3.2280,54.6337
3.2320,39.7336
3.2360,41.3891
3.2400,61.2559
3.2440,46.3558
3.2480,28.1446
3.2520,48.0114
3.2560,79.4672
3.2600,52.9781
3.2640,38.0780
3.2680,44.7003
3.2720,57.9448
3.2760,57.9448
3.2800,38.0780
3.2840,33.1113
3.2880,43.0447
3.2920,44.7003
3.2960,31.4558
3.3000,16.5557
3.3040,43.0447
3.3080,44.7003
3.3120,23.1779
3.3160,34.7669
3.3200,61.2559
3.3240,61.2559
3.3280,61.2559
3.3320,21.5224
3.3360,49.6670
3.3400,61.2559
3.3440,59.6004
3.3480,28.1446
3.3520,41.3891
3.3560,61.2559
3.3600,54.6337
3.3640,14.9001
3.3680,41.3891
3.3720,61.2559
3.3760,44.7003
3.3800,33.1113
3.3840,24.8335
3.3880,52.9781
3.3920,59.6004
3.3960,24.8335
3.4000,29.8002
3.4040,38.0780
3.4080,51.3225
3.4120,43.0447
3.4160,9.9334
3.4200,29.8002
3.4240,49.6670
3.4280,36.4224
3.4320,9.9334
3.4360,41.3891
3.4400,54.6337
3.4440,46.3558
3.4480,28.1446
3.4520,52.9781
3.4560,54.6337
3.4600,52.9781
3.4640,33.1113
3.4680,21.5224
3.4720,52.9781
3.4760,39.7336
3.4800,19.8668
3.4840,24.8335
3.4880,51.3225
3.4920,52.9781
3.4960,19.8668
3.5000,16.5557
3.5040,51.3225
3.5080,51.3225
3.5120,36.4224
3.5160,9.9334
3.5200,24.8335
3.5240,24.8335
3.5280,23.1779
3.5320,9.9334
3.5360,23.1779
3.5400,43.0447
3.5440,28.1446
3.5480,21.5224
3.5520,39.7336
3.5560,52.9781
3.5600,36.4224
3.5640,28.1446
3.5680,34.7669
3.5720,46.3558
3.5760,46.3558
3.5800,26.4891
3.5840,6.6223
3.5880,33.1113
3.5920,39.7336
3.5960,26.4891
3.6000,21.5224
3.6040,31.4558
3.6080,39.7336
3.6120,19.8668
3.6160,24.8335
3.6200,31.4558
3.6240,44.7003
3.6280,24.8335
3.6320,9.9334
3.6360,38.0780
3.6400,38.0780
3.6440,21.5224
3.6480,3.3111
3.6520,16.5557
3.6560,28.1446
3.6600,29.8002
3.6640,9.9334
3.6680,16.5557
3.6720,23.1779
3.6760,18.2112
3.6800,8.2778
3.6840,26.4891
3.6880,39.7336
3.6920,39.7336
3.6960,31.4558
3.7000,31.4558
3.7040,33.1113
3.7080,39.7336
3.7120,6.6223
3.7160,4.9667
3.7200,31.4558
3.7240,38.0780
3.7280,29.8002
3.7320,11.5890
3.7360,43.0447
3.7400,51.3225
3.7440,29.8002
3.7480,16.5557
3.7520,18.2112
3.7560,31.4558
3.7600,29.8002
3.7640,3.3111
3.7680,3.3111
3.7720,31.4558
3.7760,23.1779
3.7800,8.2778
3.7840,-6.6223
3.7880,9.9334
3.7920,11.5890
3.7960,6.6223
3.8000,6.6223
3.8040,41.3891
3.8080,48.0114
3.8120,19.8668
3.8160,18.2112
3.8200,24.8335
3.8240,31.4558
3.8280,18.2112
3.8320,3.3111
3.8360,24.8335
3.8400,36.4224
3.8440,11.5890
3.8480,-9.9334
3.8520,6.6223
3.8560,29.8002
3.8600,21.5224
3.8640,3.3111
3.8680,21.5224
3.8720,23.1779
3.8760,29.8002
3.8800,8.2778
3.8840,-9.9334
3.8880,8.2778
3.8920,3.3111
3.8960,-4.9667
3.9000,-11.5890
3.9040,3.3111
3.9080,23.1779
3.9120,1.6556
3.9160,1.6556
3.9200,26.4891
3.9240,26.4891
3.9280,19.8668
3.9320,-6.6223
3.9360,24.8335
3.9400,44.7003
3.9440,19.8668
3.9480,6.6223
3.9520,-6.6223
3.9560,39.7336
3.9600,28.1446
3.9640,-16.5557
3.9680,11.5890
3.9720,1.6556
3.9760,21.5224
3.9800,1.6556
3.9840,0.0000
3.9880,9.9334
3.9920,3.3111
3.9960,3.3111
4.0000,-3.3111
4.0040,21.5224
4.0080,26.4891
4.0120,1.6556
4.0160,-1.6556
4.0200,9.9334
4.0240,24.8335
4.0280,9.9334
4.0320,3.3111
4.0360,28.1446
4.0400,36.4224
4.0440,23.1779
4.0480,-1.6556
4.0520,21.5224
4.0560,24.8335
4.0600,6.6223
4.0640,4.9667
4.0680,4.9667
4.0720,33.1113
4.0760,31.4558
4.0800,16.5557
4.0840,13.2445
4.0880,34.7669
4.0920,23.1779
4.0960,6.6223
4.1000,1.6556
4.1040,23.1779
4.1080,16.5557
4.1120,-1.6556
4.1160,3.3111
4.1200,11.5890
4.1240,41.3891
4.1280,18.2112
4.1320,4.9667
4.1360,24.8335
4.1400,18.2112
4.1440,18.2112
4.1480,13.2445
4.1520,24.8335
4.1560,56.2892
4.1600,33.1113
4.1640,19.8668
4.1680,3.3111
4.1720,29.8002
4.1760,16.5557
4.1800,3.3111
4.1840,11.5890
4.1880,41.3891
4.1920,44.7003
4.1960,18.2112
4.2000,16.5557
4.2040,29.8002
4.2080,56.2892
4.2120,19.8668
4.2160,0.0000
4.2200,46.3558
4.2240,52.9781
4.2280,3.3111
4.2320,1.6556
4.2360,23.1779
4.2400,43.0447
4.2440,28.1446
4.2480,3.3111
4.2520,36.4224
4.2560,44.7003
4.2600,33.1113
4.2640,6.6223
4.2680,24.8335
4.2720,39.7336
4.2760,54.6337
4.2800,38.0780
4.2840,33.1113
4.2880,39.7336
4.2920,36.4224
4.2960,9.9334
4.3000,16.5557
4.3040,29.8002
4.3080,51.3225
4.3120,44.7003
4.3160,31.4558
4.3200,33.1113
4.3240,67.8782
4.3280,39.7336
4.3320,33.1113
4.3360,41.3891
4.3400,59.6004
4.3440,39.7336
4.3480,19.8668
4.3520,23.1779
4.3560,44.7003
4.3600,29.8002
4.3640,16.5557
4.3680,29.8002
4.3720,44.7003
4.3760,44.7003
4.3800,19.8668
4.3840,24.8335
4.3880,46.3558
4.3920,66.2226
4.3960,51.3225
4.4000,44.7003
4.4040,66.2226
4.4080,61.2559
4.4120,24.8335
4.4160,21.5224
4.4200,31.4558
4.4240,57.9448
4.4280,51.3225
4.4320,24.8335
4.4360,41.3891
4.4400,86.0894
4.4440,59.6004
4.4480,26.4891
4.4520,46.3558
4.4560,67.8782
4.4600,66.2226
4.4640,48.0114
4.4680,61.2559
4.4720,57.9448
4.4760,49.6670
4.4800,23.1779
4.4840,26.4891
4.4880,51.3225
4.4920,51.3225
4.4960,49.6670
4.5000,43.0447
4.5040,59.6004
4.5080,79.4672
4.5120,57.9448
4.5160,46.3558
4.5200,74.5005
4.5240,74.5005
4.5280,54.6337
4.5320,41.3891
4.5360,61.2559
4.5400,62.9115
4.5440,44.7003
4.5480,24.8335
4.5520,56.2892
4.5560,71.1893
4.5600,57.9448
4.5640,57.9448
4.5680,57.9448
4.5720,66.2226
4.5760,64.5671
4.5800,59.6004
4.5840,57.9448
4.5880,61.2559
4.5920,81.1227
4.5960,67.8782
4.6000,36.4224
4.6040,56.2892
4.6080,64.5671
4.6120,38.0780
4.6160,43.0447
4.6200,64.5671
4.6240,62.9115
4.6280,62.9115
4.6320,38.0780
4.6360,64.5671
4.6400,81.1227
4.6440,77.8116
4.6480,51.3225
4.6520,71.1893
4.6560,82.7783
4.6600,71.1893
4.6640,59.6004
4.6680,61.2559
4.6720,76.1560
4.6760,76.1560
4.6800,43.0447
4.6840,56.2892
4.6880,76.1560
4.6920,71.1893
4.6960,49.6670
4.7000,57.9448
4.7040,69.5338
4.7080,72.8449
4.7120,64.5671
4.7160,46.3558
4.7200,84.4339
4.7240,74.5005
4.7280,71.1893
4.7320,64.5671
4.7360,72.8449
4.7400,89.4006
4.7440,67.8782
4.7480,43.0447
4.7520,51.3225
4.7560,69.5338
4.7600,56.2892
4.7640,38.0780
4.7680,44.7003
4.7720,91.0561
4.7760,71.1893
4.7800,57.9448
4.7840,57.9448
4.7880,77.8116
4.7920,81.1227
4.7960,59.6004
4.8000,59.6004
4.8040,99.3340
4.8080,107.6118
4.8120,74.5005
4.8160,54.6337
4.8200,76.1560
4.8240,77.8116
4.8280,62.9115
4.8320,56.2892
4.8360,57.9448
4.8400,91.0561
4.8440,76.1560
4.8480,57.9448
4.8520,54.6337
4.8560,81.1227
4.8600,72.8449
4.8640,61.2559
4.8680,66.2226
4.8720,81.1227
4.8760,94.3673
4.8800,67.8782
4.8840,79.4672
4.8880,82.7783
4.8920,82.7783
4.8960,69.5338
4.9000,43.0447
4.9040,66.2226
4.9080,84.4339
4.9120,72.8449
4.9160,64.5671
4.9200,86.0894
4.9240,94.3673
4.9280,67.8782
4.9320,52.9781
4.9360,67.8782
4.9400,87.7450
4.9440,92.7117
4.9480,81.1227
4.9520,100.9895
4.9560,89.4006
4.9600,62.9115
4.9640,56.2892
4.9680,71.1893
4.9720,97.6784
4.9760,97.6784
4.9800,71.1893
4.9840,91.0561
4.9880,94.3673
4.9920,92.7117
4.9960,86.0894
5.0000,77.8116
5.0040,81.1227
5.0080,109.2673
5.0120,94.3673
5.0160,61.2559
5.0200,100.9895
5.0240,122.5119
5.0280,96.0228
5.0320,94.3673
5.0360,71.1893
5.0400,97.6784
5.0440,91.0561
5.0480,71.1893
5.0520,72.8449
5.0560,97.6784
5.0600,92.7117
5.0640,91.0561
5.0680,79.4672
5.0720,92.7117
5.0760,94.3673
5.0800,79.4672
5.0840,87.7450
5.0880,114.2340
5.0920,120.8563
5.0960,112.5785
5.1000,81.1227
5.1040,107.6118
5.1080,91.0561
5.1120,89.4006
5.1160,76.1560
5.1200,86.0894
5.1240,112.5785
5.1280,86.0894
5.1320,69.5338
5.1360,105.9562
5.1400,100.9895
5.1440,94.3673
5.1480,86.0894
5.1520,99.3340
5.1560,115.8896
5.1600,114.2340
5.1640,107.6118
5.1680,97.6784
5.1720,124.1674
5.1760,110.9229
5.1800,84.4339
5.1840,71.1893
5.1880,109.2673
5.1920,105.9562
5.1960,91.0561
5.2000,64.5671
5.2040,112.5785
5.2080,107.6118
5.2120,104.3007
5.2160,99.3340
5.2200,112.5785
5.2240,120.8563
5.2280,94.3673
5.2320,81.1227
5.2360,94.3673
5.2400,129.1341
5.2440,109.2673
5.2480,89.4006
5.2520,110.9229
5.2560,129.1341
5.2600,105.9562
5.2640,84.4339
5.2680,109.2673
5.2720,125.8230
5.2760,107.6118
5.2800,92.7117
5.2840,99.3340
5.2880,120.8563
5.2920,114.2340
5.2960,100.9895
5.3000,105.9562
5.3040,127.4786
5.3080,129.1341
5.3120,120.8563
5.3160,114.2340
5.3200,115.8896
5.3240,137.4120
5.3280,115.8896
5.3320,109.2673
5.3360,99.3340
5.3400,110.9229
5.3440,105.9562
5.3480,84.4339
5.3520,94.3673
5.3560,119.2007
5.3600,100.9895
5.3640,92.7117
5.3680,112.5785
5.3720,120.8563
5.3760,120.8563
5.3800,100.9895
5.3840,94.3673
5.3880,120.8563
5.3920,117.5452
5.3960,109.2673
5.4000,109.2673
5.4040,129.1341
5.4080,137.4120
5.4120,89.4006
5.4160,72.8449
5.4200,99.3340
5.4240,99.3340
5.4280,105.9562
5.4320,94.3673
5.4360,107.6118
5.4400,127.4786
5.4440,107.6118
5.4480,100.9895
5.4520,115.8896
5.4560,129.1341
5.4600,135.7564
5.4640,94.3673
5.4680,109.2673
5.4720,127.4786
5.4760,117.5452
5.4800,120.8563
5.4840,129.1341
5.4880,105.9562
5.4920,119.2007
5.4960,117.5452
5.5000,99.3340
5.5040,119.2007
5.5080,139.0675
5.5120,114.2340
5.5160,100.9895
5.5200,122.5119
5.5240,142.3787
5.5280,119.2007
5.5320,94.3673
5.5360,120.8563
5.5400,129.1341
5.5440,144.0342
5.5480,122.5119
5.5520,130.7897
5.5560,155.6232
5.5600,130.7897
5.5640,110.9229
5.5680,124.1674
5.5720,132.4453
5.5760,132.4453
5.5800,119.2007
5.5840,105.9562
5.5880,132.4453
5.5920,127.4786
5.5960,119.2007
5.6000,102.6451
5.6040,134.1008
5.6080,149.0009
5.6120,125.8230
5.6160,102.6451
5.6200,122.5119
5.6240,142.3787
5.6280,140.7231
5.6320,127.4786
5.6360,135.7564
5.6400,160.5899
5.6440,135.7564
5.6480,97.6784
5.6520,105.9562
5.6560,140.7231
5.6600,120.8563
5.6640,105.9562
5.6680,112.5785
5.6720,140.7231
5.6760,142.3787
5.6800,119.2007
5.6840,120.8563
5.6880,140.7231
5.6920,135.7564
5.6960,135.7564
5.7000,124.1674
5.7040,137.4120
5.7080,142.3787
5.7120,135.7564
5.7160,122.5119
5.7200,145.6898
5.7240,150.6565
5.7280,114.2340
5.7320,112.5785
5.7360,137.4120
5.7400,140.7231
5.7440,122.5119
5.7480,120.8563
5.7520,139.0675
5.7560,157.2788
5.7600,145.6898
5.7640,139.0675
5.7680,134.1008
5.7720,157.2788
5.7760,147.3454
5.7800,129.1341
5.7840,129.1341
5.7880,144.0342
5.7920,162.2455
5.7960,142.3787
5.8000,142.3787
5.8040,163.9010
5.8080,152.3121
5.8120,144.0342
5.8160,119.2007
5.8200,139.0675
5.8240,145.6898
5.8280,127.4786
5.8320,100.9895
5.8360,120.8563
5.8400,135.7564
5.8440,147.3454
5.8480,127.4786
5.8520,140.7231
5.8560,160.5899
5.8600,147.3454
5.8640,129.1341
5.8680,135.7564
5.8720,155.6232
5.8760,157.2788
5.8800,142.3787
5.8840,155.6232
5.8880,163.9010
5.8920,163.9010
5.8960,130.7897
5.9000,130.7897
5.9040,145.6898
5.9080,147.3454
5.9120,139.0675
5.9160,134.1008
5.9200,152.3121
5.9240,155.6232
5.9280,152.3121
5.9320,145.6898
5.9360,153.9676
5.9400,170.5233
5.9440,162.2455
5.9480,147.3454
5.9520,142.3787
5.9560,162.2455
5.9600,157.2788
5.9640,132.4453
5.9680,144.0342
5.9720,163.9010
5.9760,157.2788
5.9800,125.8230
5.9840,144.0342
5.9880,158.9343
5.9920,153.9676
5.9960,135.7564
6.0000,134.1008
6.0040,153.9676
6.0080,162.2455
6.0120,158.9343
6.0160,142.3787
6.0200,167.2122
6.0240,175.4900
6.0280,162.2455
6.0320,155.6232
6.0360,162.2455
6.0400,188.7345
6.0440,157.2788
6.0480,142.3787
6.0520,155.6232
6.0560,163.9010
6.0600,163.9010
6.0640,157.2788
6.0680,177.1456
6.0720,155.6232
6.0760,153.9676
6.0800,140.7231
6.0840,140.7231
6.0880,167.2122
6.0920,173.8344
6.0960,153.9676
6.1000,135.7564
6.1040,155.6232
6.1080,163.9010
6.1120,144.0342
6.1160,142.3787
6.1200,168.8677
6.1240,183.7678
6.1280,152.3121
6.1320,150.6565
6.1360,157.2788
6.1400,183.7678
6.1440,182.1123
6.1480,163.9010
6.1520,177.1456
6.1560,167.2122
6.1600,158.9343
6.1640,152.3121
6.1680,147.3454
6.1720,163.9010
6.1760,173.8344
6.1800,142.3787
6.1840,160.5899
6.1880,162.2455
6.1920,182.1123
6.1960,149.0009
6.2000,149.0009
6.2040,170.5233
6.2080,182.1123
6.2120,157.2788
6.2160,137.4120
6.2200,175.4900
6.2240,185.4234
6.2280,172.1789
6.2320,163.9010
6.2360,158.9343
6.2400,180.4567
6.2440,153.9676
6.2480,152.3121
6.2520,153.9676
6.2560,168.8677
6.2600,155.6232
6.2640,160.5899
6.2680,160.5899
6.2720,180.4567
6.2760,177.1456
6.2800,149.0009
6.2840,155.6232
6.2880,183.7678
6.2920,185.4234
6.2960,162.2455
6.3000,150.6565
6.3040,178.8011
6.3080,192.0457
6.3120,178.8011
6.3160,163.9010
6.3200,198.6679
6.3240,193.7012
6.3280,172.1789
6.3320,147.3454
6.3360,168.8677
6.3400,182.1123
6.3440,162.2455
6.3480,149.0009
6.3520,168.8677
6.3560,188.7345
6.3600,188.7345
6.3640,162.2455
6.3680,180.4567
6.3720,197.0123
6.3760,182.1123
6.3800,155.6232
6.3840,163.9010
6.3880,183.7678
6.3920,197.0123
6.3960,175.4900
6.4000,177.1456
6.4040,208.6013
6.4080,213.5680
6.4120,198.6679
6.4160,163.9010
6.4200,185.4234
6.4240,195.3568
6.4280,160.5899
6.4320,158.9343
6.4360,175.4900
6.4400,195.3568
6.4440,193.7012
6.4480,168.8677
6.4520,175.4900
6.4560,190.3901
6.4600,175.4900
6.4640,157.2788
6.4680,177.1456
6.4720,192.0457
6.4760,198.6679
6.4800,172.1789
6.4840,157.2788
6.4880,198.6679
6.4920,185.4234
6.4960,172.1789
6.5000,177.1456
6.5040,185.4234
6.5080,200.3235
6.5120,185.4234
6.5160,167.2122
6.5200,200.3235
6.5240,208.6013
6.5280,182.1123
6.5320,172.1789
6.5360,182.1123
6.5400,190.3901
6.5440,168.8677
6.5480,168.8677
6.5520,190.3901
6.5560,197.0123
6.5600,190.3901
6.5640,170.5233
6.5680,190.3901
6.5720,203.6346
6.5760,200.3235
6.5800,185.4234
6.5840,180.4567
6.5880,206.9457
6.5920,200.3235
6.5960,180.4567
6.6000,180.4567
6.6040,200.3235
6.6080,206.9457
6.6120,178.8011
6.6160,178.8011
6.6200,195.3568
6.6240,203.6346
6.6280,188.7345
6.6320,175.4900
6.6360,188.7345
6.6400,183.7678
6.6440,188.7345
6.6480,168.8677
6.6520,177.1456
6.6560,198.6679
6.6600,195.3568
6.6640,183.7678
6.6680,185.4234
6.6720,200.3235
6.6760,205.2902
6.6800,185.4234
6.6840,177.1456
6.6880,205.2902
6.6920,201.9790
6.6960,193.7012
6.7000,175.4900
6.7040,190.3901
6.7080,197.0123
6.7120,188.7345
6.7160,162.2455
6.7200,195.3568
6.7240,203.6346
6.7280,188.7345
6.7320,185.4234
6.7360,197.0123
6.7400,225.1570
6.7440,193.7012
6.7480,183.7678
6.7520,198.6679
6.7560,218.5347
6.7600,200.3235
6.7640,180.4567
6.7680,180.4567
6.7720,200.3235
6.7760,197.0123
6.7800,188.7345
6.7840,187.0789
6.7880,203.6346
6.7920,223.5014
6.7960,201.9790
6.8000,183.7678
6.8040,197.0123
6.8080,210.2569
6.8120,190.3901
6.8160,177.1456
6.8200,201.9790
6.8240,225.1570
6.8280,190.3901
6.8320,183.7678
6.8360,190.3901
6.8400,236.7459
6.8440,203.6346
6.8480,185.4234
6.8520,198.6679
6.8560,213.5680
6.8600,213.5680
6.8640,193.7012
6.8680,200.3235
6.8720,215.2236
6.8760,200.3235
6.8800,206.9457
6.8840,177.1456
6.8880,221.8458
6.8920,223.5014
6.8960,203.6346
6.9000,183.7678
6.9040,203.6346
6.9080,218.5347
6.9120,201.9790
6.9160,188.7345
6.9200,197.0123
6.9240,230.1237
6.9280,210.2569
6.9320,185.4234
6.9360,198.6679
6.9400,220.1903
6.9440,215.2236
6.9480,192.0457
6.9520,211.9124
6.9560,231.7792
6.9600,213.5680
6.9640,193.7012
6.9680,200.3235
6.9720,223.5014
6.9760,216.8791
6.9800,188.7345
6.9840,201.9790
6.9880,203.6346
6.9920,225.1570
6.9960,216.8791
7.0000,185.4234
7.0040,223.5014
7.0080,231.7792
7.0120,203.6346
7.0160,192.0457
7.0200,216.8791
7.0240,238.4015
7.0280,216.8791
7.0320,193.7012
7.0360,213.5680
7.0400,225.1570
7.0440,213.5680
7.0480,193.7012
7.0520,211.9124
7.0560,221.8458
7.0600,213.5680
7.0640,200.3235
7.0680,200.3235
7.0720,223.5014
7.0760,223.5014
7.0800,201.9790
7.0840,208.6013
7.0880,230.1237
7.0920,236.7459
7.0960,210.2569
7.1000,185.4234
7.1040,223.5014
7.1080,226.8125
7.1120,218.5347
7.1160,205.2902
7.1200,216.8791
7.1240,233.4348
7.1280,213.5680
7.1320,200.3235
7.1360,215.2236
7.1400,241.7126
7.1440,223.5014
7.1480,208.6013
7.1520,215.2236
7.1560,236.7459
7.1600,221.8458
7.1640,203.6346
7.1680,216.8791
7.1720,216.8791
7.1760,223.5014
7.1800,208.6013
7.1840,203.6346
7.1880,218.5347
7.1920,226.8125
7.1960,198.6679
7.2000,190.3901
7.2040,218.5347
7.2080,226.8125
7.2120,213.5680
7.2160,205.2902
7.2200,220.1903
7.2240,241.7126
7.2280,228.4681
7.2320,206.9457
7.2360,221.8458
7.2400,241.7126
7.2440,235.0903
7.2480,216.8791
7.2520,221.8458
7.2560,249.9904
7.2600,235.0903
7.2640,216.8791
7.2680,215.2236
7.2720,238.4015
7.2760,243.3682
7.2800,210.2569
7.2840,223.5014
7.2880,231.7792
7.2920,218.5347
7.2960,203.6346
7.3000,198.6679
7.3040,226.8125
7.3080,240.0571
7.3120,233.4348
7.3160,215.2236
7.3200,235.0903
7.3240,248.3349
7.3280,235.0903
7.3320,195.3568
7.3360,228.4681
7.3400,241.7126
7.3440,228.4681
7.3480,213.5680
7.3520,221.8458
7.3560,243.3682
7.3600,248.3349
7.3640,221.8458
7.3680,230.1237
7.3720,258.2683
7.3760,245.0237
7.3800,203.6346
7.3840,216.8791
7.3880,213.5680
7.3920,220.1903
7.3960,218.5347
7.4000,198.6679
7.4040,226.8125
7.4080,241.7126
7.4120,225.1570
7.4160,200.3235
7.4200,240.0571
7.4240,248.3349
7.4280,241.7126
7.4320,220.1903
7.4360,241.7126
7.4400,254.9571
7.4440,243.3682
7.4480,215.2236
7.4520,221.8458
7.4560,249.9904
7.4600,249.9904
7.4640,226.8125
7.4680,231.7792
7.4720,238.4015
7.4760,240.0571
7.4800,223.5014
7.4840,218.5347
7.4880,228.4681
7.4920,241.7126
7.4960,221.8458
7.5000,193.7012
7.5040,246.6793
7.5080,264.8905
7.5120,233.4348
7.5160,221.8458
7.5200,235.0903
7.5240,249.9904
7.5280,240.0571
7.5320,195.3568
7.5360,223.5014
7.5400,251.6460
7.5440,243.3682
7.5480,221.8458
7.5520,236.7459
7.5560,258.2683
7.5600,261.5794
7.5640,231.7792
7.5680,230.1237
7.5720,251.6460
7.5760,233.4348
7.5800,211.9124
7.5840,213.5680
7.5880,230.1237
7.5920,241.7126
7.5960,220.1903
7.6000,228.4681
7.6040,241.7126
7.6080,254.9571
7.6120,221.8458
7.6160,213.5680
7.6200,243.3682
7.6240,254.9571
7.6280,231.7792
7.6320,215.2236
7.6360,230.1237
7.6400,256.6127
7.6440,236.7459
7.6480,228.4681
7.6520,231.7792
7.6560,264.8905
7.6600,258.2683
7.6640,231.7792
7.6680,245.0237
7.6720,249.9904
7.6760,226.8125
7.6800,226.8125
7.6840,211.9124
7.6880,240.0571
7.6920,248.3349
7.6960,228.4681
7.7000,213.5680
7.7040,246.6793
7.7080,274.8239
7.7120,235.0903
7.7160,221.8458
7.7200,261.5794
7.7240,261.5794
7.7280,230.1237
7.7320,221.8458
7.7360,243.3682
7.7400,249.9904
7.7440,241.7126
7.7480,235.0903
7.7520,249.9904
7.7560,263.2350
7.7600,249.9904
7.7640,243.3682
7.7680,236.7459
7.7720,263.2350
7.7760,258.2683
7.7800,243.3682
7.7840,230.1237
7.7880,245.0237
7.7920,269.8572
7.7960,249.9904
7.8000,231.7792
7.8040,258.2683
7.8080,264.8905
7.8120,226.8125
7.8160,225.1570
7.8200,233.4348
7.8240,263.2350
7.8280,248.3349
7.8320,213.5680
7.8360,226.8125
7.8400,263.2350
7.8440,248.3349
7.8480,235.0903
7.8520,248.3349
7.8560,251.6460
7.8600,249.9904
7.8640,236.7459
7.8680,248.3349
7.8720,258.2683
7.8760,263.2350
7.8800,231.7792
7.8840,223.5014
7.8880,256.6127
7.8920,264.8905
7.8960,248.3349
7.9000,231.7792
7.9040,263.2350
7.9080,253.3016
7.9120,228.4681
7.9160,218.5347
7.9200,235.0903
7.9240,254.9571
7.9280,235.0903
7.9320,213.5680
7.9360,243.3682
7.9400,249.9904
7.9440,254.9571
7.9480,221.8458
7.9520,236.7459
7.9560,274.8239
7.9600,256.6127
7.9640,228.4681
7.9680,230.1237
7.9720,256.6127
7.9760,258.2683
7.9800,245.0237
7.9840,231.7792
7.9880,258.2683
7.9920,289.7240
7.9960,251.6460
8.0000,238.4015
8.0040,253.3016
8.0080,266.5461
8.0120,264.8905
8.0160,226.8125
8.0200,248.3349
8.0240,273.1684
8.0280,246.6793
8.0320,233.4348
8.0360,246.6793
8.0400,266.5461
8.0440,261.5794
8.0480,228.4681
8.0520,254.9571
8.0560,263.2350
8.0600,259.9238
8.0640,230.1237
8.0680,249.9904
8.0720,283.1018
8.0760,269.8572
8.0800,245.0237
8.0840,249.9904
8.0880,263.2350
8.0920,291.3796
8.0960,269.8572
8.1000,249.9904
8.1040,271.5128
8.1080,284.7574
8.1120,264.8905
8.1160,253.3016
8.1200,253.3016
8.1240,286.4129
8.1280,228.4681
8.1320,235.0903
8.1360,256.6127
8.1400,261.5794
8.1440,266.5461
8.1480,236.7459
8.1520,254.9571
8.1560,274.8239
8.1600,273.1684
8.1640,256.6127
8.1680,243.3682
8.1720,269.8572
8.1760,269.8572
8.1800,256.6127
8.1840,258.2683
8.1880,271.5128
8.1920,289.7240
8.1960,278.1351
8.2000,256.6127
8.2040,284.7574
8.2080,293.0352
8.2120,271.5128
8.2160,253.3016
8.2200,278.1351
8.2240,281.4462
8.2280,254.9571
8.2320,253.3016
8.2360,274.8239
8.2400,283.1018
8.2440,288.0685
8.2480,254.9571
8.2520,256.6127
8.2560,288.0685
8.2600,276.4795
8.2640,245.0237
8.2680,256.6127
8.2720,271.5128
8.2760,276.4795
8.2800,261.5794
8.2840,263.2350
8.2880,271.5128
8.2920,283.1018
8.2960,271.5128
8.3000,263.2350
8.3040,278.1351
8.3080,304.6241
8.3120,283.1018
8.3160,246.6793
8.3200,286.4129
8.3240,299.6574
8.3280,273.1684
8.3320,253.3016
8.3360,274.8239
8.3400,281.4462
8.3440,261.5794
8.3480,254.9571
8.3520,263.2350
8.3560,283.1018
8.3600,269.8572
8.3640,268.2017
8.3680,243.3682
8.3720,284.7574
8.3760,289.7240
8.3800,276.4795
8.3840,264.8905
8.3880,278.1351
8.3920,291.3796
8.3960,264.8905
8.4000,258.2683
8.4040,284.7574
8.4080,298.0019
8.4120,273.1684
8.4160,271.5128
8.4200,293.0352
8.4240,307.9353
8.4280,271.5128
8.4320,254.9571
8.4360,274.8239
8.4400,288.0685
8.4440,276.4795
8.4480,268.2017
8.4520,263.2350
8.4560,281.4462
8.4600,269.8572
8.4640,249.9904
8.4680,256.6127
8.4720,278.1351
8.4760,284.7574
8.4800,263.2350
8.4840,263.2350
8.4880,273.1684
8.4920,289.7240
8.4960,264.8905
8.5000,258.2683
8.5040,279.7906
8.5080,293.0352
8.5120,258.2683
8.5160,259.9238
8.5200,279.7906
8.5240,311.2464
8.5280,286.4129
8.5320,266.5461
8.5360,293.0352
8.5400,299.6574
8.5440,268.2017
8.5480,261.5794
8.5520,268.2017
8.5560,278.1351
8.5600,288.0685
8.5640,256.6127
8.5680,251.6460
8.5720,296.3463
8.5760,284.7574
8.5800,266.5461
8.5840,263.2350
8.5880,289.7240
8.5920,311.2464
8.5960,279.7906
8.6000,264.8905
8.6040,279.7906
8.6080,304.6241
8.6120,279.7906
8.6160,266.5461
8.6200,286.4129
8.6240,312.9019
8.6280,298.0019
8.6320,286.4129
8.6360,293.0352
8.6400,288.0685
8.6440,306.2797
8.6480,279.7906
8.6520,274.8239
8.6560,283.1018
8.6600,271.5128
8.6640,269.8572
8.6680,276.4795
8.6720,291.3796
8.6760,302.9685
8.6800,281.4462
8.6840,258.2683
8.6880,291.3796
8.6920,316.2131
8.6960,271.5128
8.7000,269.8572
8.7040,284.7574
8.7080,299.6574
8.7120,284.7574
8.7160,273.1684
8.7200,283.1018
8.7240,307.9353
8.7280,299.6574
8.7320,278.1351
8.7360,296.3463
8.7400,307.9353
8.7440,312.9019
8.7480,288.0685
8.7520,293.0352
8.7560,296.3463
8.7600,289.7240
8.7640,281.4462
8.7680,269.8572
8.7720,291.3796
8.7760,302.9685
8.7800,278.1351
8.7840,278.1351
8.7880,302.9685
8.7920,317.8687
8.7960,289.7240
8.8000,279.7906
8.8040,311.2464
8.8080,304.6241
8.8120,278.1351
8.8160,286.4129
8.8200,298.0019
8.8240,324.4909
8.8280,293.0352
8.8320,293.0352
8.8360,304.6241
8.8400,319.5242
8.8440,312.9019
8.8480,286.4129
8.8520,312.9019
8.8560,312.9019
8.8600,289.7240
8.8640,269.8572
8.8680,281.4462
8.8720,289.7240
8.8760,304.6241
8.8800,288.0685
8.8840,289.7240
8.8880,306.2797
8.8920,316.2131
8.8960,298.0019
8.9000,304.6241
8.9040,306.2797
8.9080,317.8687
8.9120,304.6241
8.9160,284.7574
8.9200,293.0352
8.9240,314.5575
8.9280,306.2797
8.9320,286.4129
8.9360,288.0685
8.9400,307.9353
8.9440,307.9353
8.9480,306.2797
8.9520,312.9019
8.9560,326.1465
8.9600,302.9685
8.9640,281.4462
8.9680,296.3463
8.9720,296.3463
8.9760,309.5908
8.9800,284.7574
8.9840,291.3796
8.9880,291.3796
8.9920,322.8353
8.9960,304.6241
9.0000,304.6241
9.0040,311.2464
9.0080,317.8687
9.0120,298.0019
9.0160,279.7906
9.0200,304.6241
9.0240,312.9019
9.0280,299.6574
9.0320,286.4129
9.0360,294.6907
9.0400,314.5575
9.0440,306.2797
9.0480,301.3130
9.0520,319.5242
9.0560,336.0799
9.0600,312.9019
9.0640,294.6907
9.0680,289.7240
9.0720,309.5908
9.0760,302.9685
9.0800,289.7240
9.0840,284.7574
9.0880,296.3463
9.0920,316.2131
9.0960,296.3463
9.1000,279.7906
9.1040,311.2464
9.1080,322.8353
9.1120,306.2797
9.1160,304.6241
9.1200,304.6241
9.1240,319.5242
9.1280,306.2797
9.1320,274.8239
9.1360,307.9353
9.1400,334.4243
9.1440,312.9019
9.1480,301.3130
9.1520,307.9353
9.1560,317.8687
9.1600,327.8021
9.1640,301.3130
9.1680,309.5908
9.1720,324.4909
9.1760,341.0466
9.1800,302.9685
9.1840,298.0019
9.1880,302.9685
9.1920,304.6241
9.1960,296.3463
9.2000,284.7574
9.2040,304.6241
9.2080,324.4909
9.2120,311.2464
9.2160,302.9685
9.2200,331.1132
9.2240,327.8021
9.2280,322.8353
9.2320,291.3796
9.2360,301.3130
9.2400,332.7687
9.2440,314.5575
9.2480,299.6574
9.2520,307.9353
9.2560,339.3910
9.2600,321.1798
9.2640,321.1798
9.2680,326.1465
9.2720,322.8353
9.2760,332.7687
9.2800,316.2131
9.2840,317.8687
9.2880,321.1798
9.2920,311.2464
9.2960,311.2464
9.3000,311.2464
9.3040,316.2131
9.3080,319.5242
9.3120,306.2797
9.3160,304.6241
9.3200,317.8687
9.3240,332.7687
9.3280,314.5575
9.3320,299.6574
9.3360,312.9019
9.3400,334.4243
9.3440,324.4909
9.3480,307.9353
9.3520,309.5908
9.3560,332.7687
9.3600,314.5575
9.3640,314.5575
9.3680,307.9353
9.3720,334.4243
9.3760,334.4243
9.3800,327.8021
9.3840,327.8021
9.3880,329.4576
9.3920,329.4576
9.3960,309.5908
9.4000,304.6241
9.4040,316.2131
9.4080,331.1132
9.4120,306.2797
9.4160,298.0019
9.4200,314.5575
9.4240,324.4909
9.4280,321.1798
9.4320,324.4909
9.4360,319.5242
9.4400,326.1465
9.4440,331.1132
9.4480,306.2797
9.4520,321.1798
9.4560,346.0133
9.4600,334.4243
9.4640,321.1798
9.4680,321.1798
9.4720,349.3244
9.4760,347.6689
9.4800,334.4243
9.4840,321.1798
9.4880,341.0466
9.4920,360.9134
9.4960,334.4243
9.5000,322.8353
9.5040,336.0799
9.5080,332.7687
9.5120,311.2464
9.5160,304.6241
9.5200,337.7354
9.5240,327.8021
9.5280,321.1798
9.5320,312.9019
9.5360,327.8021
9.5400,352.6355
9.5440,341.0466
9.5480,326.1465
9.5520,332.7687
9.5560,354.2911
9.5600,344.3577
9.5640,321.1798
9.5680,327.8021
9.5720,347.6689
9.5760,347.6689
9.5800,334.4243
9.5840,311.2464
9.5880,347.6689
9.5920,354.2911
9.5960,336.0799
9.6000,329.4576
9.6040,341.0466
9.6080,350.9799
9.6120,331.1132
9.6160,309.5908
9.6200,327.8021
9.6240,339.3910
9.6280,324.4909
9.6320,306.2797
9.6360,331.1132
9.6400,332.7687
9.6440,326.1465
9.6480,319.5242
9.6520,339.3910
9.6560,341.0466
9.6600,339.3910
9.6640,326.1465
9.6680,327.8021
9.6720,341.0466
9.6760,354.2911
9.6800,341.0466
9.6840,314.5575
9.6880,336.0799
9.6920,362.5689
9.6960,341.0466
9.7000,329.4576
9.7040,350.9799
9.7080,362.5689
9.7120,349.3244
9.7160,316.2131
9.7200,344.3577
9.7240,359.2578
9.7280,332.7687
9.7320,331.1132
9.7360,326.1465
9.7400,339.3910
9.7440,329.4576
9.7480,319.5242
9.7520,327.8021
9.7560,347.6689
9.7600,352.6355
9.7640,339.3910
9.7680,322.8353
9.7720,354.2911
9.7760,352.6355
9.7800,334.4243
9.7840,316.2131
9.7880,349.3244
9.7920,364.2245
9.7960,352.6355
9.8000,322.8353
9.8040,342.7021
9.8080,357.6022
9.8120,337.7354
9.8160,355.9467
9.8200,364.2245
9.8240,382.4357
9.8280,352.6355
9.8320,337.7354
9.8360,352.6355
9.8400,346.0133
9.8440,344.3577
9.8480,339.3910
9.8520,334.4243
9.8560,347.6689
9.8600,334.4243
9.8640,341.0466
9.8680,327.8021
9.8720,349.3244
9.8760,354.2911
9.8800,332.7687
9.8840,334.4243
9.8880,355.9467
9.8920,360.9134
9.8960,354.2911
9.9000,327.8021
9.9040,350.9799
9.9080,362.5689
9.9120,342.7021
9.9160,331.1132
9.9200,364.2245
9.9240,375.8135
9.9280,364.2245
9.9320,350.9799
9.9360,370.8467
9.9400,370.8467
9.9440,364.2245
9.9480,332.7687
9.9520,350.9799
9.9560,360.9134
9.9600,354.2911
9.9640,339.3910
9.9680,334.4243
9.9720,365.8801
9.9760,365.8801
9.9800,342.7021
9.9840,336.0799
9.9880,369.1912
9.9920,372.5023
9.9960,367.5356
10.0000,342.7021
10.0040,344.3577
10.0080,375.8135
10.0120,362.5689
10.0160,342.7021
10.0200,359.2578
10.0240,375.8135
10.0280,357.6022
10.0320,344.3577
10.0360,365.8801
10.0400,390.7135
10.0440,384.0913
10.0480,357.6022
10.0520,364.2245
10.0560,360.9134
10.0600,360.9134
10.0640,346.0133
10.0680,347.6689
10.0720,367.5356
10.0760,360.9134
10.0800,347.6689
10.0840,342.7021
10.0880,362.5689
10.0920,372.5023
10.0960,354.2911
10.1000,354.2911
10.1040,364.2245
10.1080,369.1912
10.1120,362.5689
10.1160,342.7021
10.1200,360.9134
10.1240,362.5689
10.1280,344.3577
10.1320,344.3577
10.1360,364.2245
10.1400,384.0913
10.1440,377.4690
10.1480,364.2245
10.1520,359.2578
10.1560,384.0913
10.1600,370.8467
10.1640,357.6022
10.1680,341.0466
10.1720,354.2911
10.1760,367.5356
10.1800,359.2578
10.1840,341.0466
10.1880,369.1912
10.1920,369.1912
10.1960,367.5356
10.2000,347.6689
10.2040,369.1912
10.2080,387.4024
10.2120,349.3244
10.2160,347.6689
10.2200,362.5689
10.2240,384.0913
10.2280,369.1912
10.2320,342.7021
10.2360,357.6022
10.2400,384.0913
10.2440,367.5356
10.2480,364.2245
10.2520,364.2245
10.2560,385.7469
10.2600,385.7469
10.2640,365.8801
10.2680,352.6355
10.2720,372.5023
10.2760,374.1579
10.2800,352.6355
10.2840,342.7021
10.2880,360.9134
10.2920,375.8135
10.2960,342.7021
10.3000,331.1132
10.3040,354.2911
10.3080,372.5023
10.3120,367.5356
10.3160,349.3244
10.3200,365.8801
10.3240,394.0247
10.3280,364.2245
10.3320,362.5689
10.3360,382.4357
10.3400,379.1246
10.3440,370.8467
10.3480,369.1912
10.3520,377.4690
10.3560,402.3025
10.3600,392.3691
10.3640,389.0580
10.3680,370.8467
10.3720,390.7135
10.3760,390.7135
10.3800,370.8467
10.3840,367.5356
10.3880,392.3691
10.3920,387.4024
10.3960,370.8467
10.4000,342.7021
10.4040,362.5689
10.4080,377.4690
10.4120,382.4357
10.4160,342.7021
10.4200,362.5689
10.4240,382.4357
10.4280,375.8135
10.4320,357.6022
10.4360,364.2245
10.4400,390.7135
10.4440,382.4357
10.4480,362.5689
10.4520,365.8801
10.4560,390.7135
10.4600,390.7135
10.4640,364.2245
10.4680,370.8467
10.4720,405.6136
10.4760,403.9581
10.4800,384.0913
10.4840,365.8801
10.4880,385.7469
10.4920,398.9914
10.4960,379.1246
10.5000,369.1912
10.5040,375.8135
10.5080,394.0247
10.5120,380.7802
10.5160,362.5689
10.5200,387.4024
10.5240,387.4024
10.5280,377.4690
10.5320,362.5689
10.5360,370.8467
10.5400,395.6803
10.5440,394.0247
10.5480,362.5689
10.5520,375.8135
10.5560,403.9581
10.5600,402.3025
10.5640,359.2578
10.5680,365.8801
10.5720,379.1246
10.5760,392.3691
10.5800,370.8467
10.5840,360.9134
10.5880,387.4024
10.5920,398.9914
10.5960,412.2359
10.6000,374.1579
10.6040,398.9914
10.6080,413.8915
10.6120,384.0913
10.6160,349.3244
10.6200,382.4357
10.6240,394.0247
10.6280,389.0580
10.6320,355.9467
10.6360,370.8467
10.6400,397.3358
10.6440,382.4357
10.6480,350.9799
10.6520,384.0913
10.6560,389.0580
10.6600,372.5023
10.6640,375.8135
10.6680,384.0913
10.6720,380.7802
10.6760,417.2026
10.6800,379.1246
10.6840,364.2245
10.6880,382.4357
10.6920,398.9914
10.6960,397.3358
10.7000,372.5023
10.7040,400.6469
10.7080,412.2359
10.7120,394.0247
10.7160,379.1246
10.7200,394.0247
10.7240,412.2359
10.7280,387.4024
10.7320,367.5356
10.7360,369.1912
10.7400,402.3025
10.7440,382.4357
10.7480,369.1912
10.7520,364.2245
10.7560,395.6803
10.7600,395.6803
10.7640,375.8135
10.7680,377.4690
10.7720,397.3358
10.7760,415.5471
10.7800,384.0913
10.7840,380.7802
10.7880,392.3691
10.7920,413.8915
10.7960,384.0913
10.8000,377.4690
10.8040,394.0247
10.8080,412.2359
10.8120,398.9914
10.8160,380.7802
10.8200,400.6469
10.8240,413.8915
10.8280,400.6469
10.8320,389.0580
10.8360,398.9914
10.8400,390.7135
10.8440,389.0580
10.8480,375.8135
10.8520,384.0913
10.8560,408.9248
10.8600,390.7135
10.8640,377.4690
10.8680,374.1579
10.8720,410.5803
10.8760,415.5471
10.8800,384.0913
10.8840,392.3691
10.8880,412.2359
10.8920,403.9581
10.8960,385.7469
10.9000,379.1246
10.9040,400.6469
10.9080,407.2692
10.9120,405.6136
10.9160,379.1246
10.9200,410.5803
10.9240,427.1360
10.9280,405.6136
10.9320,387.4024
10.9360,425.4804
10.9400,420.5137
10.9440,403.9581
10.9480,398.9914
10.9520,387.4024
10.9560,395.6803
10.9600,403.9581
10.9640,375.8135
10.9680,377.4690
10.9720,403.9581
10.9760,413.8915
10.9800,403.9581
10.9840,384.0913
10.9880,417.2026
10.9920,417.2026
10.9960,403.9581
11.0000,385.7469
11.0040,403.9581
11.0080,413.8915
11.0120,400.6469
11.0160,379.1246
11.0200,398.9914
11.0240,418.8582
11.0280,412.2359
11.0320,385.7469
11.0360,402.3025
11.0400,435.4138
11.0440,443.6917
11.0480,405.6136
11.0520,408.9248
11.0560,420.5137
11.0600,407.2692
11.0640,402.3025
11.0680,382.4357
11.0720,408.9248
11.0760,410.5803
11.0800,397.3358
11.0840,382.4357
11.0880,410.5803
11.0920,425.4804
11.0960,415.5471
11.1000,390.7135
11.1040,412.2359
11.1080,425.4804
11.1120,417.2026
11.1160,385.7469
11.1200,412.2359
11.1240,437.0694
11.1280,418.8582
11.1320,410.5803
11.1360,407.2692
11.1400,427.1360
11.1440,418.8582
11.1480,405.6136
11.1520,413.8915
11.1560,428.7916
11.1600,438.7250
11.1640,413.8915
11.1680,408.9248
11.1720,432.1027
11.1760,445.3472
11.1800,400.6469
11.1840,389.0580
11.1880,417.2026
11.1920,428.7916
11.1960,403.9581
11.2000,384.0913
11.2040,423.8249
11.2080,425.4804
11.2120,415.5471
11.2160,410.5803
11.2200,425.4804
11.2240,432.1027
11.2280,423.8249
11.2320,403.9581
11.2360,405.6136
11.2400,427.1360
11.2440,420.5137
11.2480,405.6136
11.2520,394.0247
11.2560,422.1693
11.2600,433.7583
11.2640,407.2692
11.2680,410.5803
11.2720,430.4471
11.2760,442.0361
11.2800,428.7916
11.2840,408.9248
11.2880,435.4138
11.2920,432.1027
11.2960,415.5471
11.3000,392.3691
11.3040,418.8582
11.3080,438.7250
11.3120,407.2692
11.3160,390.7135
11.3200,412.2359
11.3240,440.3805
11.3280,430.4471
11.3320,412.2359
11.3360,415.5471
11.3400,440.3805
11.3440,420.5137
11.3480,407.2692
11.3520,408.9248
11.3560,442.0361
11.3600,447.0028
11.3640,420.5137
11.3680,415.5471
11.3720,443.6917
11.3760,455.2806
11.3800,442.0361
11.3840,423.8249
11.3880,438.7250
11.3920,463.5585
11.3960,443.6917
11.4000,423.8249
11.4040,443.6917
11.4080,445.3472
11.4120,423.8249
11.4160,394.0247
11.4200,418.8582
11.4240,420.5137
11.4280,418.8582
11.4320,402.3025
11.4360,420.5137
11.4400,447.0028
11.4440,435.4138
11.4480,420.5137
11.4520,428.7916
11.4560,435.4138
11.4600,440.3805
11.4640,400.6469
11.4680,405.6136
11.4720,430.4471
11.4760,435.4138
11.4800,430.4471
11.4840,410.5803
11.4880,448.6584
11.4920,442.0361
11.4960,437.0694
11.5000,423.8249
11.5040,445.3472
11.5080,463.5585
11.5120,455.2806
11.5160,423.8249
11.5200,443.6917
11.5240,440.3805
11.5280,437.0694
11.5320,410.5803
11.5360,420.5137
11.5400,450.3139
11.5440,442.0361
11.5480,423.8249
11.5520,418.8582
11.5560,445.3472
11.5600,450.3139
11.5640,432.1027
11.5680,432.1027
11.5720,450.3139
11.5760,445.3472
11.5800,437.0694
11.5840,415.5471
11.5880,423.8249
11.5920,443.6917
11.5960,423.8249
11.6000,402.3025
11.6040,437.0694
11.6080,450.3139
11.6120,423.8249
11.6160,408.9248
11.6200,417.2026
11.6240,443.6917
11.6280,427.1360
11.6320,420.5137
11.6360,435.4138
11.6400,448.6584
11.6440,442.0361
11.6480,413.8915
11.6520,432.1027
11.6560,428.7916
11.6600,447.0028
11.6640,418.8582
11.6680,402.3025
11.6720,435.4138
11.6760,442.0361
11.6800,445.3472
11.6840,408.9248
11.6880,433.7583
11.6920,445.3472
11.6960,427.1360
11.7000,400.6469
11.7040,432.1027
11.7080,442.0361
11.7120,423.8249
11.7160,395.6803
11.7200,427.1360
11.7240,456.9362
11.7280,445.3472
11.7320,417.2026
11.7360,430.4471
11.7400,456.9362
11.7440,432.1027
11.7480,422.1693
11.7520,412.2359
11.7560,442.0361
11.7600,423.8249
11.7640,417.2026
11.7680,417.2026
11.7720,442.0361
11.7760,448.6584
11.7800,415.5471
11.7840,402.3025
11.7880,415.5471
11.7920,435.4138
11.7960,420.5137
11.8000,400.6469
11.8040,415.5471
11.8080,428.7916
11.8120,413.8915
11.8160,387.4024
11.8200,407.2692
11.8240,422.1693
11.8280,400.6469
11.8320,403.9581
11.8360,418.8582
11.8400,443.6917
11.8440,423.8249
11.8480,413.8915
11.8520,408.9248
11.8560,417.2026
11.8600,403.9581
11.8640,407.2692
11.8680,403.9581
11.8720,420.5137
11.8760,427.1360
11.8800,407.2692
11.8840,400.6469
11.8880,413.8915
11.8920,433.7583
11.8960,394.0247
11.9000,398.9914
11.9040,405.6136
11.9080,418.8582
11.9120,398.9914
11.9160,397.3358
11.9200,412.2359
11.9240,435.4138
11.9280,415.5471
11.9320,389.0580
11.9360,422.1693
11.9400,420.5137
11.9440,402.3025
11.9480,407.2692
11.9520,413.8915
11.9560,418.8582
11.9600,418.8582
11.9640,379.1246
11.9680,392.3691
11.9720,422.1693
11.9760,435.4138
11.9800,395.6803
11.9840,380.7802
11.9880,402.3025
11.9920,427.1360
11.9960,405.6136
12.0000,380.7802
12.0040,405.6136
12.0080,415.5471
12.0120,397.3358
12.0160,394.0247
12.0200,403.9581
12.0240,413.8915
12.0280,400.6469
12.0320,382.4357
12.0360,387.4024
12.0400,408.9248
12.0440,403.9581
12.0480,379.1246
12.0520,384.0913
12.0560,392.3691
12.0600,410.5803
12.0640,400.6469
12.0680,389.0580
12.0720,390.7135
12.0760,412.2359
12.0800,394.0247
12.0840,380.7802
12.0880,392.3691
12.0920,400.6469
12.0960,395.6803
12.1000,377.4690
12.1040,407.2692
12.1080,430.4471
12.1120,407.2692
12.1160,394.0247
12.1200,389.0580
12.1240,413.8915
12.1280,397.3358
12.1320,380.7802
12.1360,379.1246
12.1400,394.0247
12.1440,384.0913
12.1480,365.8801
12.1520,372.5023
12.1560,398.9914
12.1600,428.7916
12.1640,380.7802
12.1680,382.4357
12.1720,397.3358
12.1760,400.6469
12.1800,385.7469
12.1840,374.1579
12.1880,394.0247
12.1920,412.2359
12.1960,372.5023
12.2000,357.6022
12.2040,374.1579
12.2080,390.7135
12.2120,370.8467
12.2160,365.8801
12.2200,395.6803
12.2240,407.2692
12.2280,389.0580
12.2320,379.1246
12.2360,382.4357
12.2400,394.0247
12.2440,382.4357
12.2480,377.4690
12.2520,364.2245
12.2560,382.4357
12.2600,377.4690
12.2640,374.1579
12.2680,359.2578
12.2720,370.8467
12.2760,420.5137
12.2800,387.4024
12.2840,375.8135
12.2880,382.4357
12.2920,387.4024
12.2960,380.7802
12.3000,355.9467
12.3040,375.8135
12.3080,392.3691
12.3120,379.1246
12.3160,357.6022
12.3200,372.5023
12.3240,377.4690
12.3280,365.8801
12.3320,337.7354
12.3360,370.8467
12.3400,390.7135
12.3440,387.4024
12.3480,362.5689
12.3520,362.5689
12.3560,375.8135
12.3600,374.1579
12.3640,365.8801
12.3680,354.2911
12.3720,384.0913
12.3760,372.5023
12.3800,352.6355
12.3840,365.8801
12.3880,359.2578
12.3920,370.8467
12.3960,357.6022
12.4000,350.9799
12.4040,370.8467
12.4080,375.8135
12.4120,357.6022
12.4160,354.2911
12.4200,362.5689
12.4240,369.1912
12.4280,367.5356
12.4320,352.6355
12.4360,352.6355
12.4400,379.1246
12.4440,374.1579
12.4480,349.3244
12.4520,336.0799
12.4560,365.8801
12.4600,359.2578
12.4640,342.7021
12.4680,339.3910
12.4720,372.5023
12.4760,385.7469
12.4800,362.5689
12.4840,354.2911
12.4880,367.5356
12.4920,367.5356
12.4960,341.0466
12.5000,352.6355
12.5040,369.1912
12.5080,380.7802
12.5120,362.5689
12.5160,337.7354
12.5200,352.6355
12.5240,360.9134
12.5280,344.3577
12.5320,316.2131
12.5360,364.2245
12.5400,362.5689
12.5440,380.7802
12.5480,354.2911
12.5520,355.9467
12.5560,367.5356
12.5600,372.5023
12.5640,352.6355
12.5680,352.6355
12.5720,365.8801
12.5760,365.8801
12.5800,357.6022
12.5840,349.3244
12.5880,350.9799
12.5920,375.8135
12.5960,349.3244
12.6000,319.5242
12.6040,336.0799
12.6080,357.6022
12.6120,349.3244
12.6160,336.0799
12.6200,347.6689
12.6240,355.9467
12.6280,359.2578
12.6320,347.6689
12.6360,342.7021
12.6400,354.2911
12.6440,350.9799
12.6480,332.7687
12.6520,332.7687
12.6560,360.9134
12.6600,370.8467
12.6640,342.7021
12.6680,312.9019
12.6720,339.3910
12.6760,349.3244
12.6800,326.1465
12.6840,349.3244
12.6880,367.5356
12.6920,367.5356
12.6960,344.3577
12.7000,341.0466
12.7040,347.6689
12.7080,360.9134
12.7120,334.4243
12.7160,324.4909
12.7200,341.0466
12.7240,364.2245
12.7280,349.3244
12.7320,316.2131
12.7360,327.8021
12.7400,346.0133
12.7440,350.9799
12.7480,327.8021
12.7520,322.8353
12.7560,331.1132
12.7600,346.0133
12.7640,334.4243
12.7680,341.0466
12.7720,342.7021
12.7760,364.2245
12.7800,339.3910
12.7840,327.8021
12.7880,339.3910
12.7920,347.6689
12.7960,337.7354
12.8000,319.5242
12.8040,332.7687
12.8080,352.6355
12.8120,332.7687
12.8160,316.2131
12.8200,337.7354
12.8240,332.7687
12.8280,331.1132
12.8320,322.8353
12.8360,321.1798
12.8400,354.2911
12.8440,339.3910
12.8480,332.7687
12.8520,327.8021
12.8560,341.0466
12.8600,350.9799
12.8640,326.1465
12.8680,319.5242
12.8720,341.0466
12.8760,337.7354
12.8800,322.8353
12.8840,317.8687
12.8880,331.1132
12.8920,349.3244
12.8960,322.8353
12.9000,302.9685
12.9040,336.0799
12.9080,332.7687
12.9120,327.8021
12.9160,339.3910
12.9200,339.3910
12.9240,342.7021
12.9280,344.3577
12.9320,324.4909
12.9360,319.5242
12.9400,346.0133
12.9440,331.1132
12.9480,316.2131
12.9520,317.8687
12.9560,322.8353
12.9600,324.4909
12.9640,317.8687
12.9680,304.6241
12.9720,311.2464
12.9760,336.0799
12.9800,302.9685
12.9840,298.0019
12.9880,334.4243
12.9920,339.3910
12.9960,327.8021
13.0000,312.9019
13.0040,334.4243
13.0080,337.7354
13.0120,312.9019
13.0160,304.6241
13.0200,332.7687
13.0240,341.0466
13.0280,321.1798
13.0320,304.6241
13.0360,306.2797
13.0400,337.7354
13.0440,316.2131
13.0480,299.6574
13.0520,304.6241
13.0560,317.8687
13.0600,321.1798
13.0640,312.9019
13.0680,314.5575
13.0720,321.1798
13.0760,332.7687
13.0800,307.9353
13.0840,311.2464
13.0880,314.5575
13.0920,346.0133
13.0960,317.8687
13.1000,304.6241
13.1040,327.8021
13.1080,326.1465
13.1120,309.5908
13.1160,307.9353
13.1200,311.2464
13.1240,324.4909
13.1280,314.5575
13.1320,294.6907
13.1360,304.6241
13.1400,329.4576
13.1440,339.3910
13.1480,299.6574
13.1520,307.9353
13.1560,334.4243
13.1600,339.3910
13.1640,304.6241
13.1680,293.0352
13.1720,322.8353
13.1760,324.4909
13.1800,299.6574
13.1840,298.0019
13.1880,322.8353
13.1920,344.3577
13.1960,301.3130
13.2000,284.7574
13.2040,302.9685
13.2080,317.8687
13.2120,301.3130
13.2160,296.3463
13.2200,319.5242
13.2240,327.8021
13.2280,324.4909
13.2320,304.6241
13.2360,304.6241
13.2400,319.5242
13.2440,324.4909
13.2480,302.9685
13.2520,306.2797
13.2560,316.2131
13.2600,317.8687
13.2640,307.9353
13.2680,284.7574
13.2720,304.6241
13.2760,334.4243
13.2800,294.6907
13.2840,276.4795
13.2880,307.9353
13.2920,327.8021
13.2960,288.0685
13.3000,281.4462
13.3040,319.5242
13.3080,326.1465
13.3120,311.2464
13.3160,291.3796
13.3200,298.0019
13.3240,324.4909
13.3280,316.2131
13.3320,278.1351
13.3360,299.6574
13.3400,317.8687
13.3440,311.2464
13.3480,289.7240
13.3520,302.9685
13.3560,289.7240
13.3600,289.7240
13.3640,281.4462
13.3680,269.8572
13.3720,289.7240
13.3760,314.5575
13.3800,286.4129
13.3840,286.4129
13.3880,319.5242
13.3920,327.8021
13.3960,322.8353
13.4000,278.1351
13.4040,294.6907
13.4080,317.8687
13.4120,286.4129
13.4160,283.1018
13.4200,302.9685
13.4240,324.4909
13.4280,309.5908
13.4320,289.7240
13.4360,278.1351
13.4400,306.2797
13.4440,309.5908
13.4480,293.0352
13.4520,281.4462
13.4560,293.0352
13.4600,312.9019
13.4640,307.9353
13.4680,286.4129
13.4720,324.4909
13.4760,309.5908
13.4800,302.9685
13.4840,278.1351
13.4880,296.3463
13.4920,312.9019
13.4960,288.0685
13.5000,271.5128
13.5040,296.3463
13.5080,309.5908
13.5120,288.0685
13.5160,279.7906
13.5200,289.7240
13.5240,307.9353
13.5280,294.6907
13.5320,278.1351
13.5360,263.2350
13.5400,293.0352
13.5440,293.0352
13.5480,283.1018
13.5520,299.6574
13.5560,311.2464
13.5600,311.2464
13.5640,283.1018
13.5680,271.5128
13.5720,291.3796
13.5760,291.3796
13.5800,271.5128
13.5840,276.4795
13.5880,286.4129
13.5920,314.5575
13.5960,288.0685
13.6000,286.4129
13.6040,288.0685
13.6080,296.3463
13.6120,294.6907
13.6160,271.5128
13.6200,268.2017
13.6240,286.4129
13.6280,284.7574
13.6320,278.1351
13.6360,279.7906
13.6400,312.9019
13.6440,298.0019
13.6480,276.4795
13.6520,271.5128
13.6560,281.4462
13.6600,298.0019
13.6640,276.4795
13.6680,271.5128
13.6720,283.1018
13.6760,284.7574
13.6800,283.1018
13.6840,263.2350
13.6880,288.0685
13.6920,296.3463
13.6960,286.4129
13.7000,273.1684
13.7040,254.9571
13.7080,288.0685
13.7120,261.5794
13.7160,248.3349
13.7200,268.2017
13.7240,293.0352
13.7280,284.7574
13.7320,273.1684
13.7360,278.1351
13.7400,302.9685
13.7440,298.0019
13.7480,269.8572
13.7520,271.5128
13.7560,284.7574
13.7600,296.3463
13.7640,269.8572
13.7680,256.6127
13.7720,271.5128
13.7760,293.0352
13.7800,249.9904
13.7840,261.5794
13.7880,274.8239
13.7920,273.1684
13.7960,249.9904
13.8000,249.9904
13.8040,256.6127
13.8080,279.7906
13.8120,278.1351
13.8160,248.3349
13.8200,289.7240
13.8240,288.0685
13.8280,289.7240
13.8320,264.8905
13.8360,269.8572
13.8400,278.1351
13.8440,276.4795
13.8480,258.2683
13.8520,268.2017
13.8560,271.5128
13.8600,281.4462
13.8640,268.2017
13.8680,258.2683
13.8720,283.1018
13.8760,293.0352
13.8800,268.2017
13.8840,241.7126
13.8880,254.9571
13.8920,268.2017
13.8960,254.9571
13.9000,240.0571
13.9040,259.9238
13.9080,264.8905
13.9120,271.5128
13.9160,256.6127
13.9200,259.9238
13.9240,289.7240
13.9280,276.4795
13.9320,254.9571
13.9360,261.5794
13.9400,271.5128
13.9440,281.4462
13.9480,253.3016
13.9520,249.9904
13.9560,264.8905
13.9600,281.4462
13.9640,273.1684
13.9680,246.6793
13.9720,261.5794
13.9760,279.7906
13.9800,254.9571
13.9840,241.7126
13.9880,261.5794
13.9920,266.5461
13.9960,266.5461
14.0000,259.9238
14.0040,281.4462
14.0080,279.7906
14.0120,264.8905
14.0160,256.6127
14.0200,266.5461
14.0240,276.4795
14.0280,268.2017
14.0320,243.3682
14.0360,254.9571
14.0400,271.5128
14.0440,279.7906
14.0480,248.3349
14.0520,236.7459
14.0560,268.2017
14.0600,266.5461
14.0640,238.4015
14.0680,241.7126
14.0720,258.2683
14.0760,263.2350
14.0800,246.6793
14.0840,243.3682
14.0880,258.2683
14.0920,289.7240
14.0960,273.1684
14.1000,249.9904
14.1040,263.2350
14.1080,289.7240
14.1120,263.2350
14.1160,243.3682
14.1200,254.9571
14.1240,258.2683
14.1280,261.5794
14.1320,235.0903
14.1360,241.7126
14.1400,268.2017
14.1440,259.9238
14.1480,241.7126
14.1520,230.1237
14.1560,253.3016
14.1600,258.2683
14.1640,245.0237
14.1680,238.4015
14.1720,258.2683
14.1760,289.7240
14.1800,269.8572
14.1840,263.2350
14.1880,283.1018
14.1920,288.0685
14.1960,249.9904
14.2000,241.7126
14.2040,248.3349
14.2080,261.5794
14.2120,256.6127
14.2160,240.0571
14.2200,248.3349
14.2240,249.9904
14.2280,264.8905
14.2320,226.8125
14.2360,231.7792
14.2400,253.3016
14.2440,251.6460
14.2480,231.7792
14.2520,238.4015
14.2560,256.6127
14.2600,251.6460
14.2640,251.6460
14.2680,249.9904
14.2720,263.2350
14.2760,296.3463
14.2800,254.9571
14.2840,249.9904
14.2880,254.9571
14.2920,274.8239
14.2960,253.3016
14.3000,235.0903
14.3040,248.3349
14.3080,263.2350
14.3120,246.6793
14.3160,240.0571
14.3200,258.2683
14.3240,274.8239
14.3280,258.2683
14.3320,233.4348
14.3360,233.4348
14.3400,240.0571
14.3440,235.0903
14.3480,236.7459
14.3520,238.4015
14.3560,264.8905
14.3600,254.9571
14.3640,254.9571
14.3680,248.3349
14.3720,268.2017
14.3760,273.1684
14.3800,235.0903
14.3840,228.4681
14.3880,253.3016
14.3920,266.5461
14.3960,253.3016
14.4000,235.0903
14.4040,236.7459
14.4080,264.8905
14.4120,245.0237
14.4160,225.1570
14.4200,246.6793
14.4240,259.9238
14.4280,256.6127
14.4320,230.1237
14.4360,220.1903
14.4400,251.6460
14.4440,245.0237
14.4480,236.7459
14.4520,220.1903
14.4560,256.6127
14.4600,245.0237
14.4640,241.7126
14.4680,231.7792
14.4720,249.9904
14.4760,269.8572
14.4800,248.3349
14.4840,236.7459
14.4880,256.6127
14.4920,256.6127
14.4960,249.9904
14.5000,235.0903
14.5040,253.3016
14.5080,258.2683
14.5120,240.0571
14.5160,231.7792
14.5200,236.7459
14.5240,256.6127
14.5280,251.6460
14.5320,233.4348
14.5360,233.4348
14.5400,246.6793
14.5440,238.4015
14.5480,233.4348
14.5520,226.8125
14.5560,238.4015
14.5600,256.6127
14.5640,223.5014
14.5680,223.5014
14.5720,231.7792
14.5760,246.6793
14.5800,248.3349
14.5840,240.0571
14.5880,243.3682
14.5920,261.5794
14.5960,253.3016
14.6000,233.4348
14.6040,248.3349
14.6080,243.3682
14.6120,248.3349
14.6160,235.0903
14.6200,235.0903
14.6240,241.7126
14.6280,245.0237
14.6320,213.5680
14.6360,218.5347
14.6400,240.0571
14.6440,238.4015
14.6480,218.5347
14.6520,218.5347
14.6560,240.0571
14.6600,228.4681
14.6640,216.8791
14.6680,241.7126
14.6720,249.9904
14.6760,268.2017
14.6800,243.3682
14.6840,230.1237
14.6880,261.5794
14.6920,259.9238
14.6960,245.0237
14.7000,206.9457
14.7040,240.0571
14.7080,235.0903
14.7120,235.0903
14.7160,226.8125
14.7200,240.0571
14.7240,240.0571
14.7280,240.0571
14.7320,236.7459
14.7360,206.9457
14.7400,240.0571
14.7440,231.7792
14.7480,203.6346
14.7520,210.2569
14.7560,231.7792
14.7600,243.3682
14.7640,223.5014
14.7680,215.2236
14.7720,236.7459
14.7760,254.9571
14.7800,240.0571
14.7840,201.9790
14.7880,235.0903
14.7920,241.7126
14.7960,241.7126
